{"chunk_definitions":[{"chunk_id":"csetup_chunk","chunk_label":"setup","document_id":"EAC85D06","expansion_state":0,"options":{"engine":"r","include":false,"label":"setup","message":false},"row":19,"row_count":1,"visible":true},{"chunk_id":"crq5d2byjvx4e","chunk_label":"unnamed-chunk-2","document_id":"EAC85D06","expansion_state":0,"options":{"engine":"r","label":"unnamed-chunk-3"},"row":27,"row_count":1,"visible":true},{"chunk_id":"c74n2kv2z1rjb","chunk_label":"unnamed-chunk-3","document_id":"EAC85D06","expansion_state":0,"options":{"engine":"r","label":"unnamed-chunk-4"},"row":33,"row_count":1,"visible":true},{"chunk_id":"cb199k3ipvt34","chunk_label":"unnamed-chunk-4","document_id":"EAC85D06","expansion_state":0,"options":{"engine":"r","label":"unnamed-chunk-5"},"row":37,"row_count":1,"visible":true},{"chunk_id":"c4twwqn9shu20","chunk_label":"unnamed-chunk-5","document_id":"EAC85D06","expansion_state":0,"options":{"engine":"r","label":"unnamed-chunk-6"},"row":41,"row_count":1,"visible":true},{"chunk_id":"cxcjl0xyl5218","chunk_label":"unnamed-chunk-6","document_id":"EAC85D06","expansion_state":0,"options":{"engine":"r","label":"unnamed-chunk-11"},"row":60,"row_count":1,"visible":true},{"chunk_id":"coxclyaj2psdj","chunk_label":"unnamed-chunk-7","document_id":"EAC85D06","expansion_state":0,"options":{"engine":"r","label":"unnamed-chunk-14"},"row":67,"row_count":1,"visible":true},{"chunk_id":"c9ikj5wn7233d","chunk_label":"unnamed-chunk-8","document_id":"EAC85D06","expansion_state":0,"options":{"engine":"r","label":"unnamed-chunk-15"},"row":74,"row_count":1,"visible":true},{"chunk_id":"c47osjpbzctbc","chunk_label":"unnamed-chunk-9","document_id":"EAC85D06","expansion_state":0,"options":{"engine":"r","label":"unnamed-chunk-17"},"row":81,"row_count":1,"visible":true}],"doc_write_time":1591824178}